institution_name,state,student_enrollment,faculty_count,placement_percentage,research_publications,infrastructure_score,accreditation_grade,nirf_rank,data_sources
Indian Institute of Technology Madras,Tamil Nadu,10200,620,84.762,100,99.0,A++,1,"ugc,nirf,aishe,naac"
Indian Institute of Technology Bombay,Maharashtra,9800,580,83.1895,100,97.87,A++,2,"ugc,nirf,aishe,naac"
Indian Institute of Technology Delhi,Delhi,9500,560,81.99099999999999,100,96.46,A++,3,"ugc,nirf,aishe,naac"
Indian Institute of Technology Kanpur,Uttar Pradesh,8200,520,86.071,100,99.0,A++,4,"ugc,nirf,aishe,naac"
Indian Institute of Technology Kharagpur,West Bengal,12000,680,85.068,100,99.0,A++,5,"ugc,nirf,aishe,naac"
Indian Institute of Technology Roorkee,Uttarakhand,8800,510,83.4105,100,98.13,A++,6,"ugc,nirf,aishe,naac"
Indian Institute of Technology Guwahati,Assam,7500,480,83.55499999999999,100,98.3,A++,7,"ugc,nirf,aishe,naac"
Indian Institute of Technology Hyderabad,Telangana,4200,320,81.73599999999999,100,96.16,A++,8,"ugc,nirf,aishe,naac"
National Institute of Technology Tiruchirappalli,Tamil Nadu,6500,410,84.20949999999999,100,99.0,A++,9,"ugc,nirf,aishe,naac"
Indian Institute of Technology (BHU) Varanasi,Uttar Pradesh,7800,490,84.354,100,99.0,A++,10,"ugc,nirf,aishe,naac"
Indian Institute of Technology Indore,Madhya Pradesh,3800,280,79.832,100,93.92,A++,11,"ugc,nirf,aishe,naac"
Indian Institute of Technology (ISM) Dhanbad,Jharkhand,7200,450,80.155,100,94.3,A++,12,"ugc,nirf,aishe,naac"
Indian Institute of Technology Ropar,Punjab,3200,240,82.994,100,97.64,A++,13,"ugc,nirf,aishe,naac"
Indian Institute of Technology Gandhinagar,Gujarat,2800,220,82.5265,100,97.09,A++,14,"ugc,nirf,aishe,naac"
Indian Institute of Technology Patna,Bihar,3500,260,81.5235,100,95.91,A++,15,"ugc,nirf,aishe,naac"
Indian Institute of Technology Bhubaneswar,Odisha,3400,250,80.58,100,94.8,A++,16,"ugc,nirf,aishe,naac"
Indian Institute of Technology Mandi,Himachal Pradesh,2600,200,81.702,100,96.12,A++,17,"ugc,nirf,aishe,naac"
Indian Institute of Technology Jodhpur,Rajasthan,3000,230,79.13499999999999,100,93.1,A++,18,"ugc,nirf,aishe,naac"
Indian Institute of Technology Jammu,Jammu And Kashmir,2200,180,78.9395,100,92.87,A++,19,"ugc,nirf,aishe,naac"
Indian Institute of Technology Palakkad,Kerala,2100,170,77.928,100,91.68,A++,20,"ugc,nirf,aishe,naac"
National Institute of Technology Karnataka,Karnataka,6200,400,80.18900000000001,100,94.34,A+,21,"ugc,nirf,aishe,naac"
Vellore Institute of Technology,Tamil Nadu,38000,2200,77.77499999999999,100,91.5,A+,22,"ugc,nirf,aishe,naac"
National Institute of Technology Rourkela,Odisha,5800,380,79.1435,100,93.11,A+,23,"ugc,nirf,aishe,naac"
Indian Institute of Technology Tirupati,Andhra Pradesh,1800,150,76.993,100,90.58,A+,24,"ugc,nirf,aishe,naac"
Indian Institute of Technology Bhilai,Chhattisgarh,1600,140,75.82849999999999,100,89.21,A+,25,"ugc,nirf,aishe,naac"
Indian Institute of Technology Goa,Goa,1400,120,77.2225,100,90.85,A+,26,"ugc,nirf,aishe,naac"
Indian Institute of Technology Dharwad,Karnataka,1500,130,77.979,100,91.74,A+,27,"ugc,nirf,aishe,naac"
Indian Institute of Technology Dhanbad,Jharkhand,7200,450,80.155,100,94.3,A++,12,"ugc,nirf,aishe,naac"
Jamia Millia Islamia,Delhi,18500,950,74.0775,100,87.15,A++,29,"ugc,nirf,aishe,naac"
Anna University,Tamil Nadu,42000,2100,74.7235,100,87.91,A+,30,"ugc,nirf,aishe,naac"
Jadavpur University,West Bengal,16000,820,77.83449999999999,100,91.57,A++,31,"ugc,nirf,aishe,naac"
Amrita Vishwa Vidyapeetham,Tamil Nadu,24000,1400,73.74600000000001,100,86.76,A++,32,"ugc,nirf,aishe,naac"
Thapar Institute of Engineering and Technology,Punjab,12000,650,74.8935,100,88.11,A+,33,"ugc,nirf,aishe,naac"
National Institute of Technology Warangal,Telangana,5500,360,72.352,100,85.12,A+,34,"ugc,nirf,aishe,naac"
Birla Institute of Technology and Science Pilani,Rajasthan,16000,900,73.763,100,86.78,A++,35,"ugc,nirf,aishe,naac"
Delhi Technological University,Delhi,14000,720,72.658,100,85.48,A+,36,"ugc,nirf,aishe,naac"
Indian Institute of Space Science and Technology,Kerala,2200,180,75.0295,100,88.27,A++,37,"ugc,nirf,aishe,naac"
Aligarh Muslim University,Uttar Pradesh,28000,1500,73.6185,100,86.61,A+,38,"ugc,nirf,aishe,naac"
National Institute of Technology Calicut,Kerala,5200,340,73.40599999999999,100,86.36,A+,39,"ugc,nirf,aishe,naac"
International Institute of Information Technology Hyderabad,Telangana,2800,200,74.273,100,87.38,A++,40,"ugc,nirf,aishe,naac"
Manipal Institute of Technology,Karnataka,15000,800,75.1145,100,88.37,A+,41,"ugc,nirf,aishe,naac"
Siksha O Anusandhan,Odisha,18000,950,73.899,100,86.94,A+,42,"ugc,nirf,aishe,naac"
SRM Institute of Science and Technology,Tamil Nadu,42000,2400,72.981,100,85.86,A+,43,"ugc,nirf,aishe,naac"
Shanmugha Arts Science Technology and Research Academy,Tamil Nadu,12000,650,69.989,100,82.34,A+,44,"ugc,nirf,aishe,naac"
Kalinga Institute of Industrial Technology,Odisha,30000,1600,71.98649999999999,100,84.69,A+,45,"ugc,nirf,aishe,naac"
PSG College of Technology,Tamil Nadu,8500,480,73.3805,100,86.33,A+,46,"ugc,nirf,aishe,naac"
Sri Sivasubramaniya Nadar College of Engineering,Tamil Nadu,6200,380,72.25,100,85.0,A+,47,"ugc,nirf,aishe,naac"
National Institute of Technology Durgapur,West Bengal,4800,320,70.1505,100,82.53,A+,48,"ugc,nirf,aishe,naac"
College of Engineering Pune,Maharashtra,7200,420,69.7255,100,82.03,A+,49,"ugc,nirf,aishe,naac"
Indian Institute of Engineering Science and Technology Shibpur,West Bengal,4500,300,71.587,100,84.22,A+,50,"ugc,nirf,aishe,naac"
University of Delhi,Delhi,100000,5000,70.329,100,82.74,A++,55,"ugc,nirf,aishe,naac"
University of Mumbai,Maharashtra,100000,5000,66.25750000000001,100,77.95,A++,60,"ugc,nirf,aishe,naac"
University of Calcutta,West Bengal,18000,900,63.3505,100,74.53,A++,65,"ugc,nirf,aishe,naac"
Banaras Hindu University,Uttar Pradesh,30000,1800,66.7675,100,78.55,A++,58,"ugc,nirf,aishe,naac"
Jawaharlal Nehru University,Delhi,8500,550,67.116,100,78.96,A++,62,"ugc,nirf,aishe,naac"
University of Hyderabad,Telangana,5200,420,64.6935,100,76.11,A++,68,"ugc,nirf,aishe,naac"
Panjab University,Punjab,15000,780,65.3055,100,76.83,A+,72,"ugc,nirf,aishe,naac"
Savitribai Phule Pune University,Maharashtra,100000,5000,61.2255,100,72.03,A+,75,"ugc,nirf,aishe,naac"
Osmania University,Telangana,42000,2200,61.378499999999995,100,72.21,A+,78,"ugc,nirf,aishe,naac"
Andhra University,Andhra Pradesh,28000,1400,63.1465,100,74.29,A+,82,"ugc,nirf,aishe,naac"
Madurai Kamaraj University,Tamil Nadu,95000,3200,57.324,100,67.44,A+,88,"ugc,nirf,aishe,naac"
Bharathiar University,Tamil Nadu,100000,3800,57.5705,100,67.73,A+,90,"ugc,nirf,aishe,naac"
University of Kerala,Kerala,18000,950,58.1485,100,68.41,A+,92,"ugc,nirf,aishe,naac"
Gujarat University,Gujarat,100000,4500,56.95,100,67.0,A+,95,"ugc,nirf,aishe,naac"
Rajasthan University,Rajasthan,85000,2800,58.105999999999995,100,68.36,A+,98,"ugc,nirf,aishe,naac"
University of Rajasthan,Rajasthan,82000,2700,55.5815,100,65.39,A+,99,"ugc,nirf,aishe,naac"
Gauhati University,Assam,12000,650,54.468,100,64.08,A+,105,"ugc,nirf,aishe,naac"
Patna University,Bihar,25000,1200,54.468,100,64.08,A+,110,"ugc,nirf,aishe,naac"
University of Lucknow,Uttar Pradesh,42000,1800,49.725,100,58.5,A+,112,"ugc,nirf,aishe,naac"
Dr. B. R. Ambedkar University Delhi,Delhi,8500,420,51.816,100,60.96,A,115,"ugc,nirf,aishe,naac"
Visvesvaraya Technological University,Karnataka,100000,5000,52.088,100,61.28,A+,118,"ugc,nirf,aishe,naac"
Dr. A.P.J. Abdul Kalam Technical University,Uttar Pradesh,100000,5000,51.102,100,60.12,A,120,"ugc,nirf,aishe,naac"
Maulana Azad National Institute of Technology Bhopal,Madhya Pradesh,4800,310,70.11649999999999,100,82.49,A+,52,"ugc,nirf,aishe,naac"
Malaviya National Institute of Technology Jaipur,Rajasthan,4500,300,67.5155,100,79.43,A+,54,"ugc,nirf,aishe,naac"
Motilal Nehru National Institute of Technology Allahabad,Uttar Pradesh,4200,290,69.49600000000001,100,81.76,A+,56,"ugc,nirf,aishe,naac"
National Institute of Technology Silchar,Assam,3800,270,68.98599999999999,100,81.16,A+,57,"ugc,nirf,aishe,naac"
National Institute of Technology Hamirpur,Himachal Pradesh,3600,260,67.898,100,79.88,A+,59,"ugc,nirf,aishe,naac"
National Institute of Technology Meghalaya,Meghalaya,1200,110,66.215,100,77.9,A,61,"ugc,nirf,aishe,naac"
National Institute of Technology Nagaland,Nagaland,900,85,66.5635,100,78.31,A,63,"ugc,nirf,aishe,naac"
National Institute of Technology Patna,Bihar,2800,200,68.221,100,80.26,A+,64,"ugc,nirf,aishe,naac"
National Institute of Technology Raipur,Chhattisgarh,3200,220,67.524,100,79.44,A+,66,"ugc,nirf,aishe,naac"
National Institute of Technology Srinagar,Jammu And Kashmir,2800,210,64.634,100,76.04,A,67,"ugc,nirf,aishe,naac"
National Institute of Technology Jamshedpur,Jharkhand,3500,240,64.8805,100,76.33,A+,69,"ugc,nirf,aishe,naac"
National Institute of Technology Kurukshetra,Haryana,4000,280,63.563,100,74.78,A+,70,"ugc,nirf,aishe,naac"
National Institute of Technology Surathkal,Karnataka,6200,400,80.18900000000001,100,94.34,A+,21,"ugc,nirf,aishe,naac"
Indian Institute of Science Bengaluru,Karnataka,4200,520,84.762,100,99.0,A++,1,"ugc,nirf,aishe,naac"
All India Institute of Medical Sciences New Delhi,Delhi,2800,850,84.762,100,99.0,A++,1,"ugc,nirf,aishe,naac"
Post Graduate Institute of Medical Education and Research Chandigarh,Punjab,1200,420,83.1895,100,97.87,A++,2,"ugc,nirf,aishe,naac"
Christian Medical College Vellore,Tamil Nadu,2500,680,81.99099999999999,100,96.46,A++,3,"ugc,nirf,aishe,naac"
National Law School of India University,Karnataka,1200,95,84.762,100,99.0,A++,1,"ugc,nirf,aishe,naac"
Indian Institute of Management Ahmedabad,Gujarat,1100,120,84.762,100,99.0,A++,1,"ugc,nirf,aishe,naac"
Indian Institute of Management Bangalore,Karnataka,1200,130,83.1895,100,97.87,A++,2,"ugc,nirf,aishe,naac"
Indian Institute of Management Calcutta,West Bengal,1150,125,81.99099999999999,100,96.46,A++,3,"ugc,nirf,aishe,naac"
Tata Institute of Social Sciences,Maharashtra,5500,380,62.407,100,73.42,A++,80,"ugc,nirf,aishe,naac"
TERI School of Advanced Studies,Delhi,1800,150,46.087,100,54.22,A+,130,"ugc,nirf,aishe,naac"
Symbiosis International University,Maharashtra,22000,1200,57.392,100,67.52,A+,85,"ugc,nirf,aishe,naac"
Bharati Vidyapeeth Deemed University,Maharashtra,28000,1500,58.1485,100,68.41,A+,92,"ugc,nirf,aishe,naac"
Lovely Professional University,Punjab,35000,2000,56.9585,100,67.01,A+,100,"ugc,nirf,aishe,naac"
Chandigarh University,Punjab,28000,1600,54.468,100,64.08,A+,105,"ugc,nirf,aishe,naac"
Graphic Era University,Uttarakhand,15000,850,49.606,100,58.36,A,125,"ugc,nirf,aishe,naac"
Shiv Nadar University,Uttar Pradesh,4500,320,57.324,100,67.44,A+,88,"ugc,nirf,aishe,naac"
Ashoka University,Haryana,2800,220,56.95,100,67.0,A+,95,"ugc,nirf,aishe,naac"
O.P. Jindal Global University,Haryana,6500,450,57.5705,100,67.73,A+,90,"ugc,nirf,aishe,naac"
Azim Premji University,Karnataka,2200,180,54.468,100,64.08,A+,110,"ugc,nirf,aishe,naac"
FLAME University,Maharashtra,3500,250,51.816,100,60.96,A+,115,"ugc,nirf,aishe,naac"
Christ University,Karnataka,22000,1400,58.105999999999995,100,68.36,A+,98,"ugc,nirf,aishe,naac"
Presidency University Bengaluru,Karnataka,8500,520,51.102,100,60.12,A,120,"ugc,nirf,aishe,naac"
REVA University,Karnataka,18000,950,47.736,100,56.16,A,128,"ugc,nirf,aishe,naac"
PES University,Karnataka,12000,680,61.2255,100,72.03,A+,75,"ugc,nirf,aishe,naac"
RV College of Engineering,Karnataka,4200,280,61.378499999999995,100,72.21,A+,78,"ugc,nirf,aishe,naac"
BMS College of Engineering,Karnataka,4800,310,63.1465,100,74.29,A+,82,"ugc,nirf,aishe,naac"
MS Ramaiah Institute of Technology,Karnataka,5200,340,57.392,100,67.52,A+,85,"ugc,nirf,aishe,naac"
Dayananda Sagar College of Engineering,Karnataka,6500,380,57.324,100,67.44,A+,88,"ugc,nirf,aishe,naac"
Sir M. Visvesvaraya Institute of Technology,Karnataka,3800,240,58.1485,100,68.41,A+,92,"ugc,nirf,aishe,naac"
Coimbatore Institute of Technology,Tamil Nadu,4200,260,56.95,100,67.0,A+,95,"ugc,nirf,aishe,naac"
Kumaraguru College of Technology,Tamil Nadu,5500,320,58.105999999999995,100,68.36,A+,98,"ugc,nirf,aishe,naac"
Thiagarajar College of Engineering,Tamil Nadu,4800,290,52.921,100,62.26,A+,102,"ugc,nirf,aishe,naac"
Government College of Technology Coimbatore,Tamil Nadu,3500,220,54.468,100,64.08,A,105,"ugc,nirf,aishe,naac"
Mepco Schlenk Engineering College,Tamil Nadu,3200,200,54.689,100,64.34,A,108,"ugc,nirf,aishe,naac"
National Institute of Fashion Technology,Delhi,3500,280,84.762,100,99.0,A+,1,"ugc,nirf,aishe,naac"
Indian Statistical Institute Kolkata,West Bengal,1200,150,71.98649999999999,100,84.69,A++,45,"ugc,nirf,aishe,naac"
Indian Institute of Foreign Trade,Delhi,1800,120,74.273,100,87.38,A++,40,"ugc,nirf,aishe,naac"
Indian Institute of Mass Communication,Delhi,900,75,71.587,100,84.22,A+,50,"ugc,nirf,aishe,naac"
University of Madras,Tamil Nadu,8000,400,49.5635,100,58.31,B++,124,"ugc,nirf,aishe,naac"
Bangalore University,Karnataka,8350,415,49.606,100,58.36,B++,125,"ugc,nirf,aishe,naac"
University of Mysore,Karnataka,8700,430,44.998999999999995,100,52.94,B++,126,"ugc,nirf,aishe,naac"
Gulbarga University,Karnataka,9050,445,44.982,100,52.92,B++,127,"ugc,nirf,aishe,naac"
University of Burdwan,West Bengal,9400,460,47.736,100,56.16,B++,128,"ugc,nirf,aishe,naac"
North Bengal University,West Bengal,9750,475,46.035999999999994,100,54.16,B++,129,"ugc,nirf,aishe,naac"
Ranchi University,Jharkhand,10100,490,46.087,100,54.22,B++,130,"ugc,nirf,aishe,naac"
Vinoba Bhave University,Jharkhand,10450,505,46.7755,100,55.03,B++,131,"ugc,nirf,aishe,naac"
Utkal University,Odisha,10800,520,43.910999999999994,100,51.66,B++,132,"ugc,nirf,aishe,naac"
Sambalpur University,Odisha,11150,535,47.855,100,56.3,B++,133,"ugc,nirf,aishe,naac"
Berhampur University,Odisha,11500,550,47.5235,100,55.91,B++,134,"ugc,nirf,aishe,naac"
Guru Ghasidas Vishwavidyalaya,Chhattisgarh,11850,565,45.084,100,53.04,B++,135,"ugc,nirf,aishe,naac"
Pt. Ravishankar Shukla University,Chhattisgarh,12200,580,42.636,100,50.16,B++,136,"ugc,nirf,aishe,naac"
Devi Ahilya Vishwavidyalaya,Madhya Pradesh,12550,595,46.07,100,54.2,B++,137,"ugc,nirf,aishe,naac"
Jiwaji University,Madhya Pradesh,12900,610,44.319,100,52.14,B++,138,"ugc,nirf,aishe,naac"
Rani Durgavati Vishwavidyalaya,Madhya Pradesh,13250,625,43.2225,100,50.85,B++,139,"ugc,nirf,aishe,naac"
Dr. Harisingh Gour Vishwavidyalaya,Madhya Pradesh,13600,640,44.208499999999994,100,52.01,B++,140,"ugc,nirf,aishe,naac"
Mahatma Gandhi University Kottayam,Kerala,13950,655,44.2595,100,52.07,B++,141,"ugc,nirf,aishe,naac"
Calicut University,Kerala,14300,670,40.3155,100,47.43,B++,142,"ugc,nirf,aishe,naac"
Kannur University,Kerala,14650,685,42.0155,100,49.43,B++,143,"ugc,nirf,aishe,naac"
Sree Sankaracharya University of Sanskrit,Kerala,15000,700,43.656,100,51.36,B++,144,"ugc,nirf,aishe,naac"
Maharaja Ganga Singh University,Rajasthan,15350,715,42.3725,100,49.85,B++,145,"ugc,nirf,aishe,naac"
Mohanlal Sukhadia University,Rajasthan,15700,730,43.095,100,50.7,B++,146,"ugc,nirf,aishe,naac"
Jai Narain Vyas University,Rajasthan,16050,745,43.7665,100,51.49,B++,147,"ugc,nirf,aishe,naac"
Veer Surendra Sai University of Technology,Odisha,16400,760,41.667,100,49.02,B++,148,"ugc,nirf,aishe,naac"
Indira Gandhi National Open University,Delhi,16750,775,38.539,100,45.34,B+,149,"ugc,nirf,aishe,naac"
English and Foreign Languages University,Telangana,17100,790,37.8505,100,44.53,B+,150,"ugc,nirf,aishe,naac"
Central University of Punjab,Punjab,17450,805,40.035,100,47.1,B+,151,"ugc,nirf,aishe,naac"
Central University of Gujarat,Gujarat,17800,820,38.3435,100,45.11,B+,152,"ugc,nirf,aishe,naac"
Central University of Kashmir,Jammu And Kashmir,18150,835,41.701,100,49.06,B+,153,"ugc,nirf,aishe,naac"
Central University of Himachal Pradesh,Himachal Pradesh,18500,850,39.61,100,46.6,B+,154,"ugc,nirf,aishe,naac"
Central University of Haryana,Haryana,18850,865,37.927,100,44.62,B+,155,"ugc,nirf,aishe,naac"
Central University of Jharkhand,Jharkhand,19200,880,36.7455,100,43.23,B+,156,"ugc,nirf,aishe,naac"
Central University of Karnataka,Karnataka,19550,895,37.0855,100,43.63,B+,157,"ugc,nirf,aishe,naac"
Central University of Kerala,Kerala,19900,910,40.3835,100,47.51,B+,158,"ugc,nirf,aishe,naac"
Central University of Tamil Nadu,Tamil Nadu,20250,925,39.2785,100,46.21,B+,159,"ugc,nirf,aishe,naac"
Central University of Rajasthan,Rajasthan,20600,940,37.680499999999995,100,44.33,B+,160,"ugc,nirf,aishe,naac"
Central University of South Bihar,Bihar,20950,955,36.941,100,43.46,B+,161,"ugc,nirf,aishe,naac"
Central University of Jammu,Jammu And Kashmir,21300,970,34.6205,100,40.73,B+,162,"ugc,nirf,aishe,naac"
G.L. Bajaj Institute of Technology and Management,Uttar Pradesh,861,56,81.12,0,0.0,,0,NIRF_2025
ABES Engineering College,Uttar Pradesh,5920,391,82.89,0,0.0,A+,0,NIRF_2025
Ajay Kumar Garg Engineering College,Uttar Pradesh,5351,299,93.67,0,0.0,,0,NIRF_2025
Noida Institute of Engineering and Technology (Pharmacy Institute),Uttar Pradesh,534,56,90.0,0,0.0,,0,NIRF_2025
IMS Engineering College,Uttar Pradesh,2378,162,76.83,0,0.0,B+,0,NIRF_2025
